{"C1.1.1": {"mean": 1.0366784861458947e-07, "std": 1.2615701249274957e-08, "threshold": 1.4782280298705182e-07}}