Model,GMACs
AudioMAE,4.292235264
AudioMAE-R,9.866721536
TCN,0.00768
LSTM,15.90757376
